,watch name,watch price,watch offer
0,Analog Watch  - For Men,"<div class=""_30jeq3"">₹275</div>",<span>72% off</span>
1,RWS0272S Golden Analog Watch  - For Men,"<div class=""_30jeq3"">₹228</div>",<span>89% off</span>
2,NEW GENERATION BLACK DIAL BLACK STRAP WATCHES Mens Watc...,"<div class=""_30jeq3"">₹246</div>",<span>75% off</span>
3,LS2856 Day and Date Function Steel Strap Quartz Analog ...,"<div class=""_30jeq3"">₹265</div>",<span>86% off</span>
4,LCS-8188 TRENDING DAY & DATE FUNCTIONING Analog Watch  ...,"<div class=""_30jeq3"">₹252</div>",<span>85% off</span>
5,Arrow Blk Arrow Boys Mens Black Wrist Watch For Boys An...,"<div class=""_30jeq3"">₹179</div>",<span>88% off</span>
6,1170-BL-BR Unique New Day & Date Analog Watch  - For Me...,"<div class=""_30jeq3"">₹255</div>",<span>84% off</span>
7,Brand - A Watch Mens For kids Women Men Couple Electron...,"<div class=""_30jeq3"">₹312</div>",<span>79% off</span>
8,1195-WH White Unique Analog Watch  - For Men,"<div class=""_30jeq3"">₹205</div>",<span>87% off</span>
9,CSD-276-GLD Original Gold Plating Day and Date Series A...,"<div class=""_30jeq3"">₹261</div>",<span>91% off</span>
10,BROWN Avenger With King Combo Of One Exclusive Watch Wi...,"<div class=""_30jeq3"">₹279</div>",<span>72% off</span>
11,Combo pack of 3 Blue Black and Brown Set of 3 Men Watch...,"<div class=""_30jeq3"">₹377</div>",<span>81% off</span>
12,Mesh Strap All Blue Men Watch & Free Premium King Stone...,"<div class=""_30jeq3"">₹239</div>",<span>52% off</span>
13,Men's Steel Chain RB03 Silver Blue Men style Boys Hand ...,"<div class=""_30jeq3"">₹169</div>",<span>88% off</span>
14,HMTY-7008 ORIGINAL GOLD PLATED DAY & DATE FUNCTIONING F...,"<div class=""_30jeq3"">₹384</div>",<span>87% off</span>
15,1164-BR Brown Day and Date Unique New Analog Watch  - F...,"<div class=""_30jeq3"">₹255</div>",<span>84% off</span>
16,HM-4192 Day&Date Series Analog Watch  - For Men,"<div class=""_30jeq3"">₹299</div>",<span>70% off</span>
17,New Combo Of Black Dial Stainless Steel Chain & Square ...,"<div class=""_30jeq3"">₹299</div>",<span>85% off</span>
18,Men Sport Watch High-end Silicone Strap Military Wrist ...,"<div class=""_30jeq3"">₹241</div>",<span>87% off</span>
19,ES109 Chronograph Pattern Combo of 3 watches Analog Wat...,"<div class=""_30jeq3"">₹496</div>",<span>83% off</span>
20,Analog Watch  - For Men,"<div class=""_30jeq3"">₹320</div>",<span>79% off</span>
21,New Combo Of Black Dial Stainless Steel Chain & Square ...,"<div class=""_30jeq3"">₹299</div>",<span>85% off</span>
22,Combo Pack Of 2 New Arrival Black & Brown Analog Watch ...,"<div class=""_30jeq3"">₹269</div>",<span>82% off</span>
23,EH-226-OLIVE Olive Day and Date Analog Watch  - For Men,"<div class=""_30jeq3"">₹319</div>",<span>87% off</span>
24,Leather Strap New Dial New Arrival Watch New Fashion St...,"<div class=""_30jeq3"">₹218</div>",<span>78% off</span>
25,LS3078 All Black Day & Date Functioning Long Life Black...,"<div class=""_30jeq3"">₹428</div>",<span>89% off</span>
26,D Glass Date Function White Colour Dial Leather Strap D...,"<div class=""_30jeq3"">₹298</div>",<span>80% off</span>
27,PU STRAP & BLACK KING BRACELET COMBO SET FOR MEN Analog...,"<div class=""_30jeq3"">₹249</div>",<span>80% off</span>
28,Stylish Brown Sports Men Watches Multifunctional Luxury...,"<div class=""_30jeq3"">₹404</div>",<span>79% off</span>
29,ANLG-428-BLUE-BLUE-21-WAYFARER Freebie Wayfarer Sunglas...,"<div class=""_30jeq3"">₹229</div>",<span>88% off</span>
30,Analog Watch  - For Men,"<div class=""_30jeq3"">₹259</div>",<span>74% off</span>
31,New Stylish Combo Of White Square Dial Silicone Strap W...,"<div class=""_30jeq3"">₹299</div>",<span>85% off</span>
32,D&D C22 BLUE BLACK Classy Look Blue Dial and Black Chai...,"<div class=""_30jeq3"">₹256</div>",<span>83% off</span>
33,38024PP24 Minimalists Analog Watch  - For Men,"<div class=""_30jeq3"">₹680</div>",<span>20% off</span>
34,32-BK-CK Analogue Display with Exclusive Design Analog ...,"<div class=""_30jeq3"">₹202</div>",<span>87% off</span>
35,2038-WH Day and Date Analog Watch  - For Men,"<div class=""_30jeq3"">₹261</div>",<span>85% off</span>
36,HM-2122 Day&Date Series Analog Watch  - For Men,"<div class=""_30jeq3"">₹299</div>",<span>70% off</span>
37,Two Tone Multicolor Dial Leather Belt Analog Watch  - F...,"<div class=""_30jeq3"">₹299</div>",<span>80% off</span>
38,LS2821 Bleed Blue Day and Date Functioning Strap Adult ...,"<div class=""_30jeq3"">₹299</div>",<span>85% off</span>
39,PE000017C Analog Watch  - For Men,"<div class=""_30jeq3"">₹1,099</div>",<span>57% off</span>
